GEOID,name,population,groupQuarters_population,pop_below_fpl,pop_above_fpl
41001950100,"Census Tract 9501, Baker County, Oregon",3110,11,553,2556
41001950200,"Census Tract 9502, Baker County, Oregon",3127,0,297,2830
41001950300,"Census Tract 9503, Baker County, Oregon",2553,9,449,2095
41001950400,"Census Tract 9504, Baker County, Oregon",2666,62,373,2262
41001950500,"Census Tract 9505, Baker County, Oregon",2787,498,326,1986
41001950600,"Census Tract 9506, Baker County, Oregon",1787,15,341,1436
41003000100,"Census Tract 1, Benton County, Oregon",8291,36,1796,6460
41003000202,"Census Tract 2.02, Benton County, Oregon",4819,0,539,4280
41003000400,"Census Tract 4, Benton County, Oregon",7596,8,956,6640
41003000500,"Census Tract 5, Benton County, Oregon",3334,64,417,2893
41003000600,"Census Tract 6, Benton County, Oregon",4136,128,1004,3004
41003000900,"Census Tract 9, Benton County, Oregon",5347,41,1026,4280
41003001001,"Census Tract 10.01, Benton County, Oregon",4212,25,1201,3009
41003001002,"Census Tract 10.02, Benton County, Oregon",3239,20,907,2332
41003001101,"Census Tract 11.01, Benton County, Oregon",3896,938,2011,1008
41003001102,"Census Tract 11.02, Benton County, Oregon",4873,429,2452,2112
41003010100,"Census Tract 101, Benton County, Oregon",8774,0,255,8519
41003010200,"Census Tract 102, Benton County, Oregon",4515,0,437,4078
41003010300,"Census Tract 103, Benton County, Oregon",3398,0,338,3060
41003010400,"Census Tract 104, Benton County, Oregon",4032,10,481,3551
41003010600,"Census Tract 106, Benton County, Oregon",5171,2198,1516,1510
41003010702,"Census Tract 107.02, Benton County, Oregon",3697,1702,783,1212
41003010800,"Census Tract 108, Benton County, Oregon",3600,22,843,2742
41003010900,"Census Tract 109, Benton County, Oregon",4525,0,703,3814
41005020100,"Census Tract 201, Clackamas County, Oregon",3872,0,238,3622
41005020200,"Census Tract 202, Clackamas County, Oregon",6458,0,522,5936
41005020302,"Census Tract 203.02, Clackamas County, Oregon",3876,18,250,3615
41005020303,"Census Tract 203.03, Clackamas County, Oregon",5236,54,503,4679
41005020304,"Census Tract 203.04, Clackamas County, Oregon",5629,0,489,5128
41005020401,"Census Tract 204.01, Clackamas County, Oregon",5407,53,199,5150
41005020403,"Census Tract 204.03, Clackamas County, Oregon",3435,19,72,3355
41005020404,"Census Tract 204.04, Clackamas County, Oregon",3892,7,101,3779
41005020501,"Census Tract 205.01, Clackamas County, Oregon",7250,63,328,6841
41005020503,"Census Tract 205.03, Clackamas County, Oregon",2263,0,171,2092
41005020504,"Census Tract 205.04, Clackamas County, Oregon",6494,20,243,6119
41005020505,"Census Tract 205.05, Clackamas County, Oregon",2638,78,223,2354
41005020600,"Census Tract 206, Clackamas County, Oregon",8602,40,476,8126
41005020700,"Census Tract 207, Clackamas County, Oregon",3905,16,289,3616
41005020800,"Census Tract 208, Clackamas County, Oregon",4289,79,511,3730
41005020900,"Census Tract 209, Clackamas County, Oregon",3958,40,420,3499
41005021000,"Census Tract 210, Clackamas County, Oregon",4556,16,786,3744
41005021100,"Census Tract 211, Clackamas County, Oregon",5826,116,578,5176
41005021200,"Census Tract 212, Clackamas County, Oregon",3807,71,512,3184
41005021300,"Census Tract 213, Clackamas County, Oregon",5736,36,564,5144
41005021400,"Census Tract 214, Clackamas County, Oregon",4663,90,497,4166
41005021500,"Census Tract 215, Clackamas County, Oregon",4977,71,305,4665
41005021601,"Census Tract 216.01, Clackamas County, Oregon",6168,36,1785,4332
41005021602,"Census Tract 216.02, Clackamas County, Oregon",5157,12,834,4304
41005021700,"Census Tract 217, Clackamas County, Oregon",6386,90,687,5692
41005021801,"Census Tract 218.01, Clackamas County, Oregon",5837,156,185,5652
41005021802,"Census Tract 218.02, Clackamas County, Oregon",4222,22,724,3423
41005021900,"Census Tract 219, Clackamas County, Oregon",3655,16,725,2878
41005022000,"Census Tract 220, Clackamas County, Oregon",6774,91,594,6116
41005022101,"Census Tract 221.01, Clackamas County, Oregon",6978,133,940,5968
41005022103,"Census Tract 221.03, Clackamas County, Oregon",6644,16,255,6389
41005022105,"Census Tract 221.05, Clackamas County, Oregon",6127,34,370,5738
41005022107,"Census Tract 221.07, Clackamas County, Oregon",4412,10,580,3812
41005022108,"Census Tract 221.08, Clackamas County, Oregon",2812,48,556,2247
41005022201,"Census Tract 222.01, Clackamas County, Oregon",5057,121,966,3772
41005022205,"Census Tract 222.05, Clackamas County, Oregon",3683,12,241,3435
41005022206,"Census Tract 222.06, Clackamas County, Oregon",6654,25,458,6163
41005022207,"Census Tract 222.07, Clackamas County, Oregon",6098,0,215,5883
41005022208,"Census Tract 222.08, Clackamas County, Oregon",6686,14,379,6307
41005022301,"Census Tract 223.01, Clackamas County, Oregon",3983,23,379,3556
41005022302,"Census Tract 223.02, Clackamas County, Oregon",5455,16,564,4827
41005022400,"Census Tract 224, Clackamas County, Oregon",4132,125,345,3705
41005022500,"Census Tract 225, Clackamas County, Oregon",8044,170,1582,6318
41005022602,"Census Tract 226.02, Clackamas County, Oregon",4226,10,217,4e3
41005022603,"Census Tract 226.03, Clackamas County, Oregon",4319,0,310,4001
41005022605,"Census Tract 226.05, Clackamas County, Oregon",7875,445,352,7045
41005022606,"Census Tract 226.06, Clackamas County, Oregon",4509,13,421,4045
41005022702,"Census Tract 227.02, Clackamas County, Oregon",7114,0,292,6822
41005022707,"Census Tract 227.07, Clackamas County, Oregon",4807,13,332,4473
41005022708,"Census Tract 227.08, Clackamas County, Oregon",4434,0,265,4133
41005022710,"Census Tract 227.10, Clackamas County, Oregon",2460,17,302,2117
41005022800,"Census Tract 228, Clackamas County, Oregon",3807,0,139,3660
41005022901,"Census Tract 229.01, Clackamas County, Oregon",3205,6,80,3101
41005022904,"Census Tract 229.04, Clackamas County, Oregon",3754,38,761,2960
41005022905,"Census Tract 229.05, Clackamas County, Oregon",4413,0,324,4082
41005022906,"Census Tract 229.06, Clackamas County, Oregon",2938,58,118,2765
41005022907,"Census Tract 229.07, Clackamas County, Oregon",4402,5,712,3690
41005023001,"Census Tract 230.01, Clackamas County, Oregon",3443,0,235,3195
41005023002,"Census Tract 230.02, Clackamas County, Oregon",3866,38,248,3586
41005023100,"Census Tract 231, Clackamas County, Oregon",6168,0,529,5639
41005023201,"Census Tract 232.01, Clackamas County, Oregon",4216,31,287,3929
41005023202,"Census Tract 232.02, Clackamas County, Oregon",7513,10,578,6858
41005023300,"Census Tract 233, Clackamas County, Oregon",4653,3,197,4444
41005023401,"Census Tract 234.01, Clackamas County, Oregon",4994,0,684,4310
41005023403,"Census Tract 234.03, Clackamas County, Oregon",5215,0,321,4867
41005023404,"Census Tract 234.04, Clackamas County, Oregon",6351,0,687,5664
41005023500,"Census Tract 235, Clackamas County, Oregon",5705,15,508,5156
41005023600,"Census Tract 236, Clackamas County, Oregon",3700,0,411,3289
41005023700,"Census Tract 237, Clackamas County, Oregon",5593,5,766,4815
41005023800,"Census Tract 238, Clackamas County, Oregon",6506,0,228,6278
41005023901,"Census Tract 239.01, Clackamas County, Oregon",5878,61,568,5265
41005023902,"Census Tract 239.02, Clackamas County, Oregon",4704,0,513,4132
41005024000,"Census Tract 240, Clackamas County, Oregon",2940,0,174,2766
41005024100,"Census Tract 241, Clackamas County, Oregon",4837,0,413,4369
41005024200,"Census Tract 242, Clackamas County, Oregon",6442,10,759,5671
41005024302,"Census Tract 243.02, Clackamas County, Oregon",4914,0,221,4693
41005024303,"Census Tract 243.03, Clackamas County, Oregon",3113,14,222,2858
41005024304,"Census Tract 243.04, Clackamas County, Oregon",2322,14,251,2054
41005024400,"Census Tract 244, Clackamas County, Oregon",7791,27,1072,6666
41005980000,"Census Tract 9800, Clackamas County, Oregon",107,53,22,85
41007950100,"Census Tract 9501, Clatsop County, Oregon",3181,9,481,2700
41007950200,"Census Tract 9502, Clatsop County, Oregon",3603,217,682,2758
41007950300,"Census Tract 9503, Clatsop County, Oregon",2968,231,515,2289
41007950400,"Census Tract 9504, Clatsop County, Oregon",3599,15,226,3373
41007950500,"Census Tract 9505, Clatsop County, Oregon",4985,54,641,4282
41007950600,"Census Tract 9506, Clatsop County, Oregon",3071,48,226,2797
41007950700,"Census Tract 9507, Clatsop County, Oregon",1961,0,351,1607
41007950900,"Census Tract 9509, Clatsop County, Oregon",4375,57,907,3452
41007951100,"Census Tract 9511, Clatsop County, Oregon",4466,102,581,3799
41007951200,"Census Tract 9512, Clatsop County, Oregon",3008,0,380,2591
41007951300,"Census Tract 9513, Clatsop County, Oregon",2443,118,197,2119
41007990000,"Census Tract 9900, Clatsop County, Oregon",0,0,0,0
41009970200,"Census Tract 9702, Columbia County, Oregon",6348,30,970,5362
41009970300,"Census Tract 9703, Columbia County, Oregon",4376,0,542,3792
41009970400,"Census Tract 9704, Columbia County, Oregon",2566,0,325,2240
41009970500,"Census Tract 9705, Columbia County, Oregon",6334,13,648,5686
41009970600,"Census Tract 9706, Columbia County, Oregon",5983,0,395,5564
41009970700,"Census Tract 9707, Columbia County, Oregon",4044,45,843,3178
41009970800,"Census Tract 9708, Columbia County, Oregon",6827,281,1242,5251
41009970900,"Census Tract 9709, Columbia County, Oregon",4923,38,349,4484
41009971000,"Census Tract 9710, Columbia County, Oregon",4878,16,775,4092
41009971100,"Census Tract 9711, Columbia County, Oregon",3366,5,509,2856
41011000100,"Census Tract 1, Coos County, Oregon",5417,276,755,4406
41011000200,"Census Tract 2, Coos County, Oregon",2485,0,482,1998
41011000300,"Census Tract 3, Coos County, Oregon",3062,65,385,2634
41011000400,"Census Tract 4, Coos County, Oregon",6664,56,731,5902
41011000502,"Census Tract 5.02, Coos County, Oregon",2738,112,527,2110
41011000503,"Census Tract 5.03, Coos County, Oregon",2685,11,749,1926
41011000504,"Census Tract 5.04, Coos County, Oregon",6491,50,1758,4693
41011000600,"Census Tract 6, Coos County, Oregon",2589,37,497,2055
41011000700,"Census Tract 7, Coos County, Oregon",6852,74,1292,5475
41011000800,"Census Tract 8, Coos County, Oregon",3203,0,429,2766
41011000900,"Census Tract 9, Coos County, Oregon",7371,147,1006,6107
41011001000,"Census Tract 10, Coos County, Oregon",7537,159,1223,6250
41011001100,"Census Tract 11, Coos County, Oregon",5850,60,1379,4429
41011990101,"Census Tract 9901.01, Coos County, Oregon",0,0,0,0
41013950100,"Census Tract 9501, Crook County, Oregon",6902,60,949,5916
41013950200,"Census Tract 9502, Crook County, Oregon",4289,13,631,3612
41013950300,"Census Tract 9503, Crook County, Oregon",6077,62,1606,4435
41013950400,"Census Tract 9504, Crook County, Oregon",4066,0,571,3495
41015950100,"Census Tract 9501, Curry County, Oregon",3167,12,931,2236
41015950200,"Census Tract 9502, Curry County, Oregon",5287,53,521,4708
41015950301,"Census Tract 9503.01, Curry County, Oregon",4302,19,399,3892
41015950302,"Census Tract 9503.02, Curry County, Oregon",5012,158,536,4396
41015950400,"Census Tract 9504, Curry County, Oregon",4596,34,995,3594
41015990101,"Census Tract 9901.01, Curry County, Oregon",0,0,0,0
41017000100,"Census Tract 1, Deschutes County, Oregon",1785,7,64,1721
41017000200,"Census Tract 2, Deschutes County, Oregon",4468,26,929,3513
41017000300,"Census Tract 3, Deschutes County, Oregon",8824,7,1693,7116
41017000401,"Census Tract 4.01, Deschutes County, Oregon",5471,0,746,4716
41017000402,"Census Tract 4.02, Deschutes County, Oregon",2347,0,339,2008
41017000500,"Census Tract 5, Deschutes County, Oregon",5702,51,727,4919
41017000600,"Census Tract 6, Deschutes County, Oregon",6722,23,763,5945
41017000700,"Census Tract 7, Deschutes County, Oregon",8367,25,887,7480
41017000800,"Census Tract 8, Deschutes County, Oregon",6939,41,1585,5346
41017000900,"Census Tract 9, Deschutes County, Oregon",7709,105,2341,5278
41017001001,"Census Tract 10.01, Deschutes County, Oregon",14056,89,1507,12523
41017001002,"Census Tract 10.02, Deschutes County, Oregon",2349,6,454,1892
41017001100,"Census Tract 11, Deschutes County, Oregon",10928,302,683,9982
41017001200,"Census Tract 12, Deschutes County, Oregon",6722,40,862,5834
41017001300,"Census Tract 13, Deschutes County, Oregon",12532,71,971,11497
41017001400,"Census Tract 14, Deschutes County, Oregon",6035,16,452,5567
41017001500,"Census Tract 15, Deschutes County, Oregon",6371,101,858,5452
41017001600,"Census Tract 16, Deschutes County, Oregon",5797,100,1255,4490
41017001700,"Census Tract 17, Deschutes County, Oregon",8556,84,1438,7099
41017001800,"Census Tract 18, Deschutes County, Oregon",8174,143,1323,6706
41017001901,"Census Tract 19.01, Deschutes County, Oregon",1911,0,49,1862
41017001902,"Census Tract 19.02, Deschutes County, Oregon",9641,29,768,8808
41017002000,"Census Tract 20, Deschutes County, Oregon",7430,12,790,6619
41017002100,"Census Tract 21, Deschutes County, Oregon",11977,7,2138,9775
41019010000,"Census Tract 100, Douglas County, Oregon",2009,0,337,1584
41019020000,"Census Tract 200, Douglas County, Oregon",3485,70,746,2698
41019030000,"Census Tract 300, Douglas County, Oregon",3761,4,594,3130
41019040000,"Census Tract 400, Douglas County, Oregon",2598,0,466,2109
41019050001,"Census Tract 500.01, Douglas County, Oregon",4292,7,589,3703
41019050002,"Census Tract 500.02, Douglas County, Oregon",6904,43,1625,5254
41019060000,"Census Tract 600, Douglas County, Oregon",3739,31,290,3443
41019070000,"Census Tract 700, Douglas County, Oregon",4949,48,398,4509
41019080000,"Census Tract 800, Douglas County, Oregon",7454,272,456,6817
41019090000,"Census Tract 900, Douglas County, Oregon",6470,15,1563,4878
41019100000,"Census Tract 1000, Douglas County, Oregon",3361,286,495,2681
41019110000,"Census Tract 1100, Douglas County, Oregon",2911,0,434,2477
41019120000,"Census Tract 1200, Douglas County, Oregon",7343,158,1476,5773
41019130000,"Census Tract 1300, Douglas County, Oregon",5562,396,1512,3780
41019140000,"Census Tract 1400, Douglas County, Oregon",5330,193,708,4442
41019150000,"Census Tract 1500, Douglas County, Oregon",7363,40,1319,5997
41019160000,"Census Tract 1600, Douglas County, Oregon",7766,52,2018,5746
41019170000,"Census Tract 1700, Douglas County, Oregon",3418,28,632,2712
41019180000,"Census Tract 1800, Douglas County, Oregon",4218,5,944,3243
41019190000,"Census Tract 1900, Douglas County, Oregon",4634,33,1217,3372
41019200000,"Census Tract 2000, Douglas County, Oregon",5405,9,1314,3982
41019210000,"Census Tract 2100, Douglas County, Oregon",4403,25,568,3833
41019990000,"Census Tract 9900, Douglas County, Oregon",0,0,0,0
41021960100,"Census Tract 9601, Gilliam County, Oregon",1913,15,213,1689
41023960100,"Census Tract 9601, Grant County, Oregon",1888,68,387,1463
41023960200,"Census Tract 9602, Grant County, Oregon",5339,111,672,4588
41025960100,"Census Tract 9601, Harney County, Oregon",4988,143,831,4053
41025960200,"Census Tract 9602, Harney County, Oregon",2226,28,335,1891
41027950100,"Census Tract 9501, Hood River County, Oregon",3909,401,466,3369
41027950200,"Census Tract 9502, Hood River County, Oregon",6660,129,587,5919
41027950300,"Census Tract 9503, Hood River County, Oregon",5795,66,1405,4371
41027950400,"Census Tract 9504, Hood River County, Oregon",6478,392,548,5925
41029000100,"Census Tract 1, Jackson County, Oregon",2126,146,1154,869
41029000201,"Census Tract 2.01, Jackson County, Oregon",3577,348,1198,2086
41029000202,"Census Tract 2.02, Jackson County, Oregon",3984,60,1456,2528
41029000203,"Census Tract 2.03, Jackson County, Oregon",3967,31,821,3146
41029000300,"Census Tract 3, Jackson County, Oregon",6095,55,1551,4483
41029000403,"Census Tract 4.03, Jackson County, Oregon",3916,43,266,3627
41029000404,"Census Tract 4.04, Jackson County, Oregon",4711,36,280,4414
41029000405,"Census Tract 4.05, Jackson County, Oregon",4084,195,969,3e3
41029000406,"Census Tract 4.06, Jackson County, Oregon",4559,68,566,3866
41029000501,"Census Tract 5.01, Jackson County, Oregon",2834,17,693,2141
41029000502,"Census Tract 5.02, Jackson County, Oregon",6633,245,2001,4382
41029000601,"Census Tract 6.01, Jackson County, Oregon",6959,165,681,6165
41029000602,"Census Tract 6.02, Jackson County, Oregon",5417,148,1002,4307
41029000700,"Census Tract 7, Jackson County, Oregon",9066,58,1878,7188
41029000800,"Census Tract 8, Jackson County, Oregon",5795,86,1214,4581
41029000900,"Census Tract 9, Jackson County, Oregon",8943,37,1138,7766
41029001001,"Census Tract 10.01, Jackson County, Oregon",6320,45,856,5453
41029001002,"Census Tract 10.02, Jackson County, Oregon",4753,9,1104,3640
41029001100,"Census Tract 11, Jackson County, Oregon",5477,27,552,4925
41029001200,"Census Tract 12, Jackson County, Oregon",4534,112,1097,3437
41029001301,"Census Tract 13.01, Jackson County, Oregon",5653,599,1044,4588
41029001302,"Census Tract 13.02, Jackson County, Oregon",10129,41,1036,9078
41029001400,"Census Tract 14, Jackson County, Oregon",10321,0,1616,8705
41029001500,"Census Tract 15, Jackson County, Oregon",4704,10,337,4365
41029001601,"Census Tract 16.01, Jackson County, Oregon",4441,0,986,3439
41029001602,"Census Tract 16.02, Jackson County, Oregon",6773,26,1382,5391
41029001700,"Census Tract 17, Jackson County, Oregon",7439,206,1583,5673
41029001800,"Census Tract 18, Jackson County, Oregon",8341,43,1697,6605
41029001900,"Census Tract 19, Jackson County, Oregon",2884,669,758,1463
41029002000,"Census Tract 20, Jackson County, Oregon",2343,0,310,2033
41029002100,"Census Tract 21, Jackson County, Oregon",3570,68,528,2964
41029002200,"Census Tract 22, Jackson County, Oregon",4474,5,663,3811
41029002300,"Census Tract 23, Jackson County, Oregon",1540,0,172,1368
41029002400,"Census Tract 24, Jackson County, Oregon",2069,79,241,1828
41029002500,"Census Tract 25, Jackson County, Oregon",2450,12,230,2208
41029002600,"Census Tract 26, Jackson County, Oregon",2730,5,466,2259
41029002700,"Census Tract 27, Jackson County, Oregon",6634,5,962,5653
41029002800,"Census Tract 28, Jackson County, Oregon",5105,20,582,4503
41029002900,"Census Tract 29, Jackson County, Oregon",7765,5,1215,6546
41029003001,"Census Tract 30.01, Jackson County, Oregon",3754,0,467,3287
41029003002,"Census Tract 30.02, Jackson County, Oregon",4047,6,843,3190
41031940000,"Census Tract 9400, Jefferson County, Oregon",3773,58,1268,2437
41031960100,"Census Tract 9601, Jefferson County, Oregon",2302,609,198,1495
41031960201,"Census Tract 9602.01, Jefferson County, Oregon",3247,0,808,2439
41031960202,"Census Tract 9602.02, Jefferson County, Oregon",5029,95,976,3963
41031960301,"Census Tract 9603.01, Jefferson County, Oregon",3318,0,442,2876
41031960302,"Census Tract 9603.02, Jefferson County, Oregon",4636,12,663,3939
41033360100,"Census Tract 3601, Josephine County, Oregon",2235,20,538,1697
41033360300,"Census Tract 3603, Josephine County, Oregon",5382,23,608,4760
41033360400,"Census Tract 3604, Josephine County, Oregon",4286,5,564,3701
41033360500,"Census Tract 3605, Josephine County, Oregon",6114,470,1798,3965
41033360600,"Census Tract 3606, Josephine County, Oregon",6603,322,864,5455
41033360701,"Census Tract 3607.01, Josephine County, Oregon",4325,49,1277,3017
41033360702,"Census Tract 3607.02, Josephine County, Oregon",5515,28,966,4526
41033360800,"Census Tract 3608, Josephine County, Oregon",4750,12,674,4031
41033360900,"Census Tract 3609, Josephine County, Oregon",2293,0,313,1980
41033361000,"Census Tract 3610, Josephine County, Oregon",4724,52,674,4043
41033361100,"Census Tract 3611, Josephine County, Oregon",9373,53,1819,7554
41033361200,"Census Tract 3612, Josephine County, Oregon",7163,108,1258,5878
41033361300,"Census Tract 3613, Josephine County, Oregon",7547,29,1196,6340
41033361400,"Census Tract 3614, Josephine County, Oregon",2610,0,664,1914
41033361500,"Census Tract 3615, Josephine County, Oregon",2528,13,582,1941
41033361600,"Census Tract 3616, Josephine County, Oregon",8615,10,2382,6100
41035970100,"Census Tract 9701, Klamath County, Oregon",3163,129,471,2692
41035970200,"Census Tract 9702, Klamath County, Oregon",4668,18,1189,3477
41035970300,"Census Tract 9703, Klamath County, Oregon",3101,0,488,2593
41035970400,"Census Tract 9704, Klamath County, Oregon",1469,15,136,1318
41035970500,"Census Tract 9705, Klamath County, Oregon",1461,0,289,1172
41035970600,"Census Tract 9706, Klamath County, Oregon",1712,16,260,1445
41035970700,"Census Tract 9707, Klamath County, Oregon",2028,6,298,1730
41035970800,"Census Tract 9708, Klamath County, Oregon",2326,13,333,1993
41035970900,"Census Tract 9709, Klamath County, Oregon",3969,19,571,3398
41035971000,"Census Tract 9710, Klamath County, Oregon",2532,19,273,2242
41035971100,"Census Tract 9711, Klamath County, Oregon",5292,167,551,4570
41035971200,"Census Tract 9712, Klamath County, Oregon",2487,13,799,1671
41035971300,"Census Tract 9713, Klamath County, Oregon",5508,34,620,4810
41035971400,"Census Tract 9714, Klamath County, Oregon",5176,55,578,4496
41035971500,"Census Tract 9715, Klamath County, Oregon",4136,42,912,3204
41035971600,"Census Tract 9716, Klamath County, Oregon",3552,30,1048,2504
41035971700,"Census Tract 9717, Klamath County, Oregon",3059,6,1043,2016
41035971800,"Census Tract 9718, Klamath County, Oregon",2464,68,696,1744
41035971900,"Census Tract 9719, Klamath County, Oregon",3714,48,1090,2612
41035972000,"Census Tract 9720, Klamath County, Oregon",4129,387,472,3270
41037960100,"Census Tract 9601, Lake County, Oregon",2492,12,331,2142
41037960200,"Census Tract 9602, Lake County, Oregon",5307,531,949,3841
41039000100,"Census Tract 1, Lane County, Oregon",5183,22,608,4575
41039000200,"Census Tract 2, Lane County, Oregon",5289,22,562,4679
41039000300,"Census Tract 3, Lane County, Oregon",2251,0,224,2027
41039000402,"Census Tract 4.02, Lane County, Oregon",3510,0,330,3173
41039000403,"Census Tract 4.03, Lane County, Oregon",4983,69,680,4259
41039000404,"Census Tract 4.04, Lane County, Oregon",3659,50,542,2966
41039000500,"Census Tract 5, Lane County, Oregon",1913,0,401,1500
41039000702,"Census Tract 7.02, Lane County, Oregon",2794,40,534,2226
41039000705,"Census Tract 7.05, Lane County, Oregon",3810,14,612,3190
41039000706,"Census Tract 7.06, Lane County, Oregon",2209,0,373,1836
41039000707,"Census Tract 7.07, Lane County, Oregon",3881,60,654,3188
41039000708,"Census Tract 7.08, Lane County, Oregon",2e3,0,339,1601
41039000800,"Census Tract 8, Lane County, Oregon",1564,0,160,1372
41039000902,"Census Tract 9.02, Lane County, Oregon",4697,13,685,4001
41039000903,"Census Tract 9.03, Lane County, Oregon",5388,14,1162,4164
41039000904,"Census Tract 9.04, Lane County, Oregon",2862,26,635,2218
41039001001,"Census Tract 10.01, Lane County, Oregon",2363,0,331,2032
41039001002,"Census Tract 10.02, Lane County, Oregon",4091,7,596,3450
41039001101,"Census Tract 11.01, Lane County, Oregon",5768,18,297,5471
41039001102,"Census Tract 11.02, Lane County, Oregon",3239,63,378,2757
41039001201,"Census Tract 12.01, Lane County, Oregon",3748,18,611,3110
41039001202,"Census Tract 12.02, Lane County, Oregon",4177,28,805,3372
41039001301,"Census Tract 13.01, Lane County, Oregon",3534,22,773,2749
41039001302,"Census Tract 13.02, Lane County, Oregon",5087,37,864,4171
41039001400,"Census Tract 14, Lane County, Oregon",2482,7,233,2249
41039001500,"Census Tract 15, Lane County, Oregon",4515,0,1175,3283
41039001600,"Census Tract 16, Lane County, Oregon",5360,21,1e3,4336
41039001700,"Census Tract 17, Lane County, Oregon",5719,67,571,5138
41039001801,"Census Tract 18.01, Lane County, Oregon",5995,124,841,5127
41039001803,"Census Tract 18.03, Lane County, Oregon",4403,39,744,3595
41039001804,"Census Tract 18.04, Lane County, Oregon",3645,7,400,3238
41039001902,"Census Tract 19.02, Lane County, Oregon",6741,13,1598,5009
41039001903,"Census Tract 19.03, Lane County, Oregon",2840,8,847,1956
41039001904,"Census Tract 19.04, Lane County, Oregon",5245,39,686,4461
41039002001,"Census Tract 20.01, Lane County, Oregon",3405,14,551,2854
41039002002,"Census Tract 20.02, Lane County, Oregon",4920,8,762,4104
41039002101,"Census Tract 21.01, Lane County, Oregon",2688,6,731,1957
41039002102,"Census Tract 21.02, Lane County, Oregon",6409,181,1803,4593
41039002201,"Census Tract 22.01, Lane County, Oregon",3675,13,306,3369
41039002202,"Census Tract 22.02, Lane County, Oregon",5904,7,650,5254
41039002301,"Census Tract 23.01, Lane County, Oregon",3661,3,889,2763
41039002302,"Census Tract 23.02, Lane County, Oregon",4784,0,629,4143
41039002401,"Census Tract 24.01, Lane County, Oregon",3931,53,366,3565
41039002403,"Census Tract 24.03, Lane County, Oregon",3955,21,291,3653
41039002404,"Census Tract 24.04, Lane County, Oregon",4194,17,458,3670
41039002501,"Census Tract 25.01, Lane County, Oregon",5047,18,486,4561
41039002503,"Census Tract 25.03, Lane County, Oregon",8686,20,1084,7539
41039002504,"Census Tract 25.04, Lane County, Oregon",3409,7,413,2918
41039002600,"Census Tract 26, Lane County, Oregon",5899,99,691,5150
41039002700,"Census Tract 27, Lane County, Oregon",4179,9,1034,3124
41039002800,"Census Tract 28, Lane County, Oregon",4319,12,768,3521
41039002902,"Census Tract 29.02, Lane County, Oregon",3752,28,612,3107
41039002903,"Census Tract 29.03, Lane County, Oregon",2565,8,195,2370
41039002904,"Census Tract 29.04, Lane County, Oregon",3484,117,603,2789
41039003000,"Census Tract 30, Lane County, Oregon",4640,26,383,4257
41039003101,"Census Tract 31.01, Lane County, Oregon",5880,125,1024,4807
41039003102,"Census Tract 31.02, Lane County, Oregon",7042,110,2532,4418
41039003201,"Census Tract 32.01, Lane County, Oregon",3160,85,1036,2033
41039003202,"Census Tract 32.02, Lane County, Oregon",3706,27,707,2999
41039003301,"Census Tract 33.01, Lane County, Oregon",3354,18,799,2495
41039003302,"Census Tract 33.02, Lane County, Oregon",3390,70,1056,2270
41039003400,"Census Tract 34, Lane County, Oregon",5349,36,1523,3777
41039003500,"Census Tract 35, Lane County, Oregon",4163,33,297,3853
41039003600,"Census Tract 36, Lane County, Oregon",3498,16,613,2885
41039003700,"Census Tract 37, Lane County, Oregon",4803,3202,950,836
41039003800,"Census Tract 38, Lane County, Oregon",7551,1119,5188,1347
41039003900,"Census Tract 39, Lane County, Oregon",3046,359,1196,1531
41039004000,"Census Tract 40, Lane County, Oregon",2337,52,722,1615
41039004100,"Census Tract 41, Lane County, Oregon",3953,31,691,3255
41039004200,"Census Tract 42, Lane County, Oregon",3687,385,1579,1987
41039004300,"Census Tract 43, Lane County, Oregon",7188,84,2414,4774
41039004401,"Census Tract 44.01, Lane County, Oregon",5465,109,1001,4378
41039004403,"Census Tract 44.03, Lane County, Oregon",4955,80,1180,3681
41039004404,"Census Tract 44.04, Lane County, Oregon",3262,0,369,2889
41039004405,"Census Tract 44.05, Lane County, Oregon",4696,82,409,4190
41039004501,"Census Tract 45.01, Lane County, Oregon",2872,37,697,2130
41039004502,"Census Tract 45.02, Lane County, Oregon",3568,74,896,2632
41039004600,"Census Tract 46, Lane County, Oregon",2812,7,500,2305
41039004700,"Census Tract 47, Lane County, Oregon",4305,0,1281,3018
41039004800,"Census Tract 48, Lane County, Oregon",4942,177,2694,2106
41039004900,"Census Tract 49, Lane County, Oregon",4293,231,1197,2967
41039005000,"Census Tract 50, Lane County, Oregon",5238,8,951,4287
41039005100,"Census Tract 51, Lane County, Oregon",3179,37,645,2497
41039005200,"Census Tract 52, Lane County, Oregon",2168,0,172,1973
41039005300,"Census Tract 53, Lane County, Oregon",2295,21,123,2148
41039005400,"Census Tract 54, Lane County, Oregon",5665,29,190,5362
41039990000,"Census Tract 9900, Lane County, Oregon",0,0,0,0
41041950100,"Census Tract 9501, Lincoln County, Oregon",3319,0,636,2683
41041950303,"Census Tract 9503.03, Lincoln County, Oregon",1540,0,341,1195
41041950304,"Census Tract 9503.04, Lincoln County, Oregon",3480,61,699,2698
41041950400,"Census Tract 9504, Lincoln County, Oregon",3847,15,853,2895
41041950601,"Census Tract 9506.01, Lincoln County, Oregon",2040,10,463,1577
41041950602,"Census Tract 9506.02, Lincoln County, Oregon",2190,9,305,1885
41041950800,"Census Tract 9508, Lincoln County, Oregon",3337,0,590,2739
41041950900,"Census Tract 9509, Lincoln County, Oregon",3859,17,793,3066
41041951000,"Census Tract 9510, Lincoln County, Oregon",2037,211,454,1406
41041951100,"Census Tract 9511, Lincoln County, Oregon",1581,31,204,1346
41041951200,"Census Tract 9512, Lincoln County, Oregon",1983,7,255,1721
41041951300,"Census Tract 9513, Lincoln County, Oregon",2237,5,290,1912
41041951400,"Census Tract 9514, Lincoln County, Oregon",2891,16,542,2293
41041951500,"Census Tract 9515, Lincoln County, Oregon",2735,0,389,2346
41041951600,"Census Tract 9516, Lincoln County, Oregon",3518,6,568,2950
41041951700,"Census Tract 9517, Lincoln County, Oregon",1949,193,344,1509
41041951800,"Census Tract 9518, Lincoln County, Oregon",4142,7,850,3273
41041990100,"Census Tract 9901, Lincoln County, Oregon",0,0,0,0
41043020100,"Census Tract 201, Linn County, Oregon",9563,12,1367,8178
41043020200,"Census Tract 202, Linn County, Oregon",1880,0,296,1540
41043020300,"Census Tract 203, Linn County, Oregon",7695,122,379,7234
41043020400,"Census Tract 204, Linn County, Oregon",4206,35,1321,2873
41043020500,"Census Tract 205, Linn County, Oregon",3677,75,1012,2619
41043020600,"Census Tract 206, Linn County, Oregon",8508,133,906,7475
41043020700,"Census Tract 207, Linn County, Oregon",5876,132,1196,4599
41043020801,"Census Tract 208.01, Linn County, Oregon",2686,266,733,1760
41043020802,"Census Tract 208.02, Linn County, Oregon",6713,49,1981,4683
41043030100,"Census Tract 301, Linn County, Oregon",6032,42,969,5037
41043030200,"Census Tract 302, Linn County, Oregon",6626,16,962,5650
41043030300,"Census Tract 303, Linn County, Oregon",2133,16,264,1869
41043030401,"Census Tract 304.01, Linn County, Oregon",6723,39,1778,4819
41043030402,"Census Tract 304.02, Linn County, Oregon",6961,44,1199,5717
41043030500,"Census Tract 305, Linn County, Oregon",4138,0,496,3642
41043030600,"Census Tract 306, Linn County, Oregon",7102,47,915,6155
41043030700,"Census Tract 307, Linn County, Oregon",3564,5,358,3193
41043030800,"Census Tract 308, Linn County, Oregon",7707,176,1340,6271
41043030902,"Census Tract 309.02, Linn County, Oregon",7958,31,700,7093
41043030903,"Census Tract 309.03, Linn County, Oregon",5656,29,1378,4261
41043030904,"Census Tract 309.04, Linn County, Oregon",4458,16,1011,3409
41045940000,"Census Tract 9400, Malheur County, Oregon",0,0,0,0
41045970200,"Census Tract 9702, Malheur County, Oregon",4835,177,986,3684
41045970300,"Census Tract 9703, Malheur County, Oregon",4333,175,1361,2806
41045970400,"Census Tract 9704, Malheur County, Oregon",4519,83,1882,2594
41045970500,"Census Tract 9705, Malheur County, Oregon",4956,41,1025,3857
41045970600,"Census Tract 9706, Malheur County, Oregon",4077,101,720,3234
41045970700,"Census Tract 9707, Malheur County, Oregon",1812,6,253,1559
41045970900,"Census Tract 9709, Malheur County, Oregon",5942,3044,424,2457
41047000200,"Census Tract 2, Marion County, Oregon",3297,1219,512,1714
41047000300,"Census Tract 3, Marion County, Oregon",4755,129,1138,3617
41047000400,"Census Tract 4, Marion County, Oregon",5263,44,2133,3073
41047000501,"Census Tract 5.01, Marion County, Oregon",3640,107,889,2684
41047000502,"Census Tract 5.02, Marion County, Oregon",5224,144,2279,2828
41047000600,"Census Tract 6, Marion County, Oregon",4936,24,686,4233
41047000701,"Census Tract 7.01, Marion County, Oregon",8710,3185,1769,3881
41047000900,"Census Tract 9, Marion County, Oregon",6868,414,1630,4877
41047001000,"Census Tract 10, Marion County, Oregon",4148,181,1330,2637
41047001100,"Census Tract 11, Marion County, Oregon",4394,34,913,3481
41047001200,"Census Tract 12, Marion County, Oregon",3663,31,694,2965
41047001300,"Census Tract 13, Marion County, Oregon",4079,0,401,3678
41047001401,"Census Tract 14.01, Marion County, Oregon",6485,50,1427,5058
41047001402,"Census Tract 14.02, Marion County, Oregon",5567,93,383,5153
41047001501,"Census Tract 15.01, Marion County, Oregon",4680,81,471,4122
41047001502,"Census Tract 15.02, Marion County, Oregon",5327,36,1041,4179
41047001503,"Census Tract 15.03, Marion County, Oregon",4566,57,1032,3478
41047001601,"Census Tract 16.01, Marion County, Oregon",7680,66,1149,6464
41047001602,"Census Tract 16.02, Marion County, Oregon",9858,18,2710,7135
41047001603,"Census Tract 16.03, Marion County, Oregon",6979,102,406,6513
41047001604,"Census Tract 16.04, Marion County, Oregon",8299,69,1940,6310
41047001701,"Census Tract 17.01, Marion County, Oregon",6674,48,1817,4838
41047001702,"Census Tract 17.02, Marion County, Oregon",5431,217,989,4238
41047001703,"Census Tract 17.03, Marion County, Oregon",4461,48,403,3970
41047001801,"Census Tract 18.01, Marion County, Oregon",6108,40,1420,4645
41047001802,"Census Tract 18.02, Marion County, Oregon",8671,9,1882,6738
41047001803,"Census Tract 18.03, Marion County, Oregon",5132,1885,536,2727
41047002000,"Census Tract 20, Marion County, Oregon",10437,96,1234,9150
41047002101,"Census Tract 21.01, Marion County, Oregon",2169,11,251,1882
41047002102,"Census Tract 21.02, Marion County, Oregon",6420,131,360,5972
41047002201,"Census Tract 22.01, Marion County, Oregon",2001,10,129,1872
41047002202,"Census Tract 22.02, Marion County, Oregon",6530,70,533,5955
41047002301,"Census Tract 23.01, Marion County, Oregon",3307,19,247,3040
41047002303,"Census Tract 23.03, Marion County, Oregon",7285,47,1242,5985
41047002304,"Census Tract 23.04, Marion County, Oregon",5758,60,292,5398
41047002400,"Census Tract 24, Marion County, Oregon",3547,0,187,3360
41047002501,"Census Tract 25.01, Marion County, Oregon",9347,31,835,8456
41047002502,"Census Tract 25.02, Marion County, Oregon",5421,19,676,4726
41047002600,"Census Tract 26, Marion County, Oregon",2002,26,181,1815
41047002700,"Census Tract 27, Marion County, Oregon",8699,204,598,7881
41047002800,"Census Tract 28, Marion County, Oregon",4064,0,503,3552
41047010100,"Census Tract 101, Marion County, Oregon",1467,53,154,1311
41047010201,"Census Tract 102.01, Marion County, Oregon",2587,0,199,2373
41047010202,"Census Tract 102.02, Marion County, Oregon",7640,7,698,6922
41047010303,"Census Tract 103.03, Marion County, Oregon",5013,19,860,4068
41047010304,"Census Tract 103.04, Marion County, Oregon",6372,13,1719,4617
41047010305,"Census Tract 103.05, Marion County, Oregon",4471,300,1044,3123
41047010306,"Census Tract 103.06, Marion County, Oregon",9455,128,3339,6039
41047010307,"Census Tract 103.07, Marion County, Oregon",5812,0,665,5111
41047010400,"Census Tract 104, Marion County, Oregon",4817,396,569,4125
41047010501,"Census Tract 105.01, Marion County, Oregon",5763,10,291,5472
41047010502,"Census Tract 105.02, Marion County, Oregon",6737,33,825,5899
41047010503,"Census Tract 105.03, Marion County, Oregon",3759,53,320,3412
41047010600,"Census Tract 106, Marion County, Oregon",2065,5,128,1932
41047010701,"Census Tract 107.01, Marion County, Oregon",8038,16,1541,6443
41047010702,"Census Tract 107.02, Marion County, Oregon",6768,86,887,5805
41047010801,"Census Tract 108.01, Marion County, Oregon",6450,7,749,5661
41047010802,"Census Tract 108.02, Marion County, Oregon",7431,9,1175,6219
41049970100,"Census Tract 9701, Morrow County, Oregon",8262,25,1354,6893
41049970200,"Census Tract 9702, Morrow County, Oregon",2945,27,340,2565
41051000100,"Census Tract 1, Multnomah County, Oregon",6293,7,604,5689
41051000200,"Census Tract 2, Multnomah County, Oregon",6615,5,852,5763
41051000301,"Census Tract 3.01, Multnomah County, Oregon",5431,1052,877,3510
41051000302,"Census Tract 3.02, Multnomah County, Oregon",7165,51,512,6643
41051000401,"Census Tract 4.01, Multnomah County, Oregon",3853,48,302,3515
41051000402,"Census Tract 4.02, Multnomah County, Oregon",3313,34,174,3114
41051000501,"Census Tract 5.01, Multnomah County, Oregon",4004,9,743,3226
41051000502,"Census Tract 5.02, Multnomah County, Oregon",4924,26,604,4278
41051000601,"Census Tract 6.01, Multnomah County, Oregon",5477,13,1440,4037
41051000602,"Census Tract 6.02, Multnomah County, Oregon",5991,20,828,4855
41051000701,"Census Tract 7.01, Multnomah County, Oregon",4755,18,623,4132
41051000702,"Census Tract 7.02, Multnomah County, Oregon",4953,55,746,4185
41051000801,"Census Tract 8.01, Multnomah County, Oregon",4524,53,528,3989
41051000802,"Census Tract 8.02, Multnomah County, Oregon",4771,22,711,4049
41051000901,"Census Tract 9.01, Multnomah County, Oregon",4172,55,497,3631
41051000902,"Census Tract 9.02, Multnomah County, Oregon",4385,106,1152,3108
41051001000,"Census Tract 10, Multnomah County, Oregon",5896,12,1102,4751
41051001101,"Census Tract 11.01, Multnomah County, Oregon",2106,195,733,1373
41051001102,"Census Tract 11.02, Multnomah County, Oregon",1640,14,256,1370
41051001201,"Census Tract 12.01, Multnomah County, Oregon",5131,88,875,4202
41051001202,"Census Tract 12.02, Multnomah County, Oregon",3521,7,225,3237
41051001301,"Census Tract 13.01, Multnomah County, Oregon",3950,128,491,3328
41051001302,"Census Tract 13.02, Multnomah County, Oregon",3240,46,142,3057
41051001400,"Census Tract 14, Multnomah County, Oregon",5420,25,529,4824
41051001500,"Census Tract 15, Multnomah County, Oregon",3441,28,233,3184
41051001601,"Census Tract 16.01, Multnomah County, Oregon",5787,447,407,4967
41051001602,"Census Tract 16.02, Multnomah County, Oregon",4589,48,1141,3398
41051001701,"Census Tract 17.01, Multnomah County, Oregon",7438,58,1014,6151
41051001702,"Census Tract 17.02, Multnomah County, Oregon",4463,267,806,3406
41051001801,"Census Tract 18.01, Multnomah County, Oregon",4440,159,647,3631
41051001802,"Census Tract 18.02, Multnomah County, Oregon",3603,45,242,3318
41051001900,"Census Tract 19, Multnomah County, Oregon",4895,58,250,4637
41051002000,"Census Tract 20, Multnomah County, Oregon",6306,140,1195,5060
41051002100,"Census Tract 21, Multnomah County, Oregon",2291,178,479,1778
41051002203,"Census Tract 22.03, Multnomah County, Oregon",3555,136,688,2848
41051002303,"Census Tract 23.03, Multnomah County, Oregon",2209,122,598,1547
41051002401,"Census Tract 24.01, Multnomah County, Oregon",2821,0,111,2710
41051002402,"Census Tract 24.02, Multnomah County, Oregon",3455,40,533,2882
41051002501,"Census Tract 25.01, Multnomah County, Oregon",4699,5,153,4527
41051002502,"Census Tract 25.02, Multnomah County, Oregon",4398,15,384,4005
41051002600,"Census Tract 26, Multnomah County, Oregon",2899,0,133,2766
41051002701,"Census Tract 27.01, Multnomah County, Oregon",3424,0,217,3207
41051002702,"Census Tract 27.02, Multnomah County, Oregon",2951,0,603,2348
41051002801,"Census Tract 28.01, Multnomah County, Oregon",3007,5,224,2782
41051002802,"Census Tract 28.02, Multnomah County, Oregon",3149,0,178,2971
41051002901,"Census Tract 29.01, Multnomah County, Oregon",4339,3,291,4043
41051002902,"Census Tract 29.02, Multnomah County, Oregon",5257,0,584,4655
41051002903,"Census Tract 29.03, Multnomah County, Oregon",5779,266,1133,4372
41051003000,"Census Tract 30, Multnomah County, Oregon",4936,23,315,4621
41051003100,"Census Tract 31, Multnomah County, Oregon",4980,43,508,4461
41051003200,"Census Tract 32, Multnomah County, Oregon",3979,0,455,3524
41051003301,"Census Tract 33.01, Multnomah County, Oregon",3375,37,657,2718
41051003302,"Census Tract 33.02, Multnomah County, Oregon",3012,0,489,2511
41051003401,"Census Tract 34.01, Multnomah County, Oregon",3690,16,892,2798
41051003402,"Census Tract 34.02, Multnomah County, Oregon",3708,18,587,3121
41051003501,"Census Tract 35.01, Multnomah County, Oregon",3642,40,540,3081
41051003502,"Census Tract 35.02, Multnomah County, Oregon",2285,27,337,1948
41051003601,"Census Tract 36.01, Multnomah County, Oregon",4730,21,762,3903
41051003602,"Census Tract 36.02, Multnomah County, Oregon",6971,502,708,5725
41051003603,"Census Tract 36.03, Multnomah County, Oregon",1593,38,64,1491
41051003701,"Census Tract 37.01, Multnomah County, Oregon",4042,159,682,3213
41051003702,"Census Tract 37.02, Multnomah County, Oregon",2733,6,481,2243
41051003801,"Census Tract 38.01, Multnomah County, Oregon",2944,0,439,2505
41051003802,"Census Tract 38.02, Multnomah County, Oregon",3475,0,174,3265
41051003803,"Census Tract 38.03, Multnomah County, Oregon",4362,10,847,3508
41051003901,"Census Tract 39.01, Multnomah County, Oregon",7677,6,1900,5777
41051003902,"Census Tract 39.02, Multnomah County, Oregon",3382,32,232,3134
41051004001,"Census Tract 40.01, Multnomah County, Oregon",8333,55,3435,4870
41051004002,"Census Tract 40.02, Multnomah County, Oregon",6387,1854,1121,3392
41051004101,"Census Tract 41.01, Multnomah County, Oregon",7338,35,1243,6051
41051004102,"Census Tract 41.02, Multnomah County, Oregon",5175,0,881,4281
41051004200,"Census Tract 42, Multnomah County, Oregon",3438,9,571,2867
41051004300,"Census Tract 43, Multnomah County, Oregon",1062,0,73,989
41051004500,"Census Tract 45, Multnomah County, Oregon",2148,0,166,1957
41051004601,"Census Tract 46.01, Multnomah County, Oregon",3195,0,101,3094
41051004602,"Census Tract 46.02, Multnomah County, Oregon",2046,36,123,1923
41051004700,"Census Tract 47, Multnomah County, Oregon",4782,36,317,4439
41051004800,"Census Tract 48, Multnomah County, Oregon",2959,11,604,2344
41051004900,"Census Tract 49, Multnomah County, Oregon",3534,97,874,2590
41051005000,"Census Tract 50, Multnomah County, Oregon",2929,0,179,2740
41051005100,"Census Tract 51, Multnomah County, Oregon",7444,591,1539,5804
41051005200,"Census Tract 52, Multnomah County, Oregon",4505,243,1135,3370
41051005500,"Census Tract 55, Multnomah County, Oregon",2759,0,1044,1715
41051005600,"Census Tract 56, Multnomah County, Oregon",5509,1541,1427,2541
41051005700,"Census Tract 57, Multnomah County, Oregon",4072,0,593,3479
41051005800,"Census Tract 58, Multnomah County, Oregon",5004,36,742,4246
41051005900,"Census Tract 59, Multnomah County, Oregon",7728,0,852,6789
41051006001,"Census Tract 60.01, Multnomah County, Oregon",1498,5,130,1363
41051006002,"Census Tract 60.02, Multnomah County, Oregon",2325,0,176,2149
41051006100,"Census Tract 61, Multnomah County, Oregon",2215,19,158,2057
41051006200,"Census Tract 62, Multnomah County, Oregon",3250,25,231,3001
41051006300,"Census Tract 63, Multnomah County, Oregon",5164,1195,363,3594
41051006402,"Census Tract 64.02, Multnomah County, Oregon",5687,42,178,5495
41051006403,"Census Tract 64.03, Multnomah County, Oregon",3974,10,641,3333
41051006404,"Census Tract 64.04, Multnomah County, Oregon",3412,0,199,3167
41051006501,"Census Tract 65.01, Multnomah County, Oregon",6139,6,440,5699
41051006502,"Census Tract 65.02, Multnomah County, Oregon",4445,23,465,3980
41051006601,"Census Tract 66.01, Multnomah County, Oregon",2500,92,128,2247
41051006602,"Census Tract 66.02, Multnomah County, Oregon",5534,0,860,4674
41051006701,"Census Tract 67.01, Multnomah County, Oregon",3424,143,180,3101
41051006702,"Census Tract 67.02, Multnomah County, Oregon",3259,96,449,2714
41051006801,"Census Tract 68.01, Multnomah County, Oregon",2495,24,257,2227
41051006802,"Census Tract 68.02, Multnomah County, Oregon",3402,18,224,3178
41051006900,"Census Tract 69, Multnomah County, Oregon",2913,5,105,2808
41051007000,"Census Tract 70, Multnomah County, Oregon",8427,0,497,7930
41051007100,"Census Tract 71, Multnomah County, Oregon",2543,71,126,2417
41051007201,"Census Tract 72.01, Multnomah County, Oregon",1991,0,227,1764
41051007202,"Census Tract 72.02, Multnomah County, Oregon",3216,0,182,3034
41051007300,"Census Tract 73, Multnomah County, Oregon",1506,922,204,524
41051007400,"Census Tract 74, Multnomah County, Oregon",3995,29,1773,2205
41051007500,"Census Tract 75, Multnomah County, Oregon",5571,174,1264,4201
41051007600,"Census Tract 76, Multnomah County, Oregon",3458,16,1128,2330
41051007700,"Census Tract 77, Multnomah County, Oregon",2316,14,370,1937
41051007800,"Census Tract 78, Multnomah County, Oregon",1958,0,350,1604
41051007900,"Census Tract 79, Multnomah County, Oregon",4331,78,698,3622
41051008001,"Census Tract 80.01, Multnomah County, Oregon",3228,17,502,2656
41051008002,"Census Tract 80.02, Multnomah County, Oregon",3194,78,325,2815
41051008100,"Census Tract 81, Multnomah County, Oregon",7544,319,1770,5568
41051008201,"Census Tract 82.01, Multnomah County, Oregon",3032,79,404,2574
41051008202,"Census Tract 82.02, Multnomah County, Oregon",9312,107,2902,6372
41051008301,"Census Tract 83.01, Multnomah County, Oregon",4431,21,1461,2933
41051008302,"Census Tract 83.02, Multnomah County, Oregon",4487,176,1132,3207
41051008400,"Census Tract 84, Multnomah County, Oregon",4595,78,1201,3384
41051008500,"Census Tract 85, Multnomah County, Oregon",4457,208,1133,3203
41051008600,"Census Tract 86, Multnomah County, Oregon",4150,65,879,3258
41051008700,"Census Tract 87, Multnomah County, Oregon",4829,64,693,4122
41051008800,"Census Tract 88, Multnomah County, Oregon",4503,47,657,3846
41051008901,"Census Tract 89.01, Multnomah County, Oregon",9385,234,1496,7758
41051008902,"Census Tract 89.02, Multnomah County, Oregon",3797,107,777,2963
41051009000,"Census Tract 90, Multnomah County, Oregon",10809,247,3154,7505
41051009101,"Census Tract 91.01, Multnomah County, Oregon",5690,99,2515,3126
41051009102,"Census Tract 91.02, Multnomah County, Oregon",6580,92,1452,5119
41051009201,"Census Tract 92.01, Multnomah County, Oregon",8268,230,1703,6428
41051009202,"Census Tract 92.02, Multnomah County, Oregon",5131,101,952,4125
41051009301,"Census Tract 93.01, Multnomah County, Oregon",6846,148,1406,5368
41051009302,"Census Tract 93.02, Multnomah County, Oregon",4609,195,910,3564
41051009400,"Census Tract 94, Multnomah County, Oregon",7269,270,858,6286
41051009501,"Census Tract 95.01, Multnomah County, Oregon",4976,20,1062,3891
41051009502,"Census Tract 95.02, Multnomah County, Oregon",4065,69,879,3154
41051009603,"Census Tract 96.03, Multnomah County, Oregon",3683,65,489,3171
41051009604,"Census Tract 96.04, Multnomah County, Oregon",5386,32,1990,3363
41051009605,"Census Tract 96.05, Multnomah County, Oregon",5341,130,1235,4052
41051009606,"Census Tract 96.06, Multnomah County, Oregon",5685,57,1748,3873
41051009701,"Census Tract 97.01, Multnomah County, Oregon",5857,100,1726,4101
41051009702,"Census Tract 97.02, Multnomah County, Oregon",8583,138,2765,5807
41051009801,"Census Tract 98.01, Multnomah County, Oregon",4787,211,1833,2762
41051009803,"Census Tract 98.03, Multnomah County, Oregon",7957,330,1919,5848
41051009804,"Census Tract 98.04, Multnomah County, Oregon",3314,62,935,2374
41051009903,"Census Tract 99.03, Multnomah County, Oregon",6270,70,94,6116
41051009904,"Census Tract 99.04, Multnomah County, Oregon",3953,26,1021,2916
41051009905,"Census Tract 99.05, Multnomah County, Oregon",3261,0,265,2870
41051009906,"Census Tract 99.06, Multnomah County, Oregon",3233,31,137,3096
41051009907,"Census Tract 99.07, Multnomah County, Oregon",4927,68,503,4352
41051010001,"Census Tract 100.01, Multnomah County, Oregon",5315,101,1405,3862
41051010002,"Census Tract 100.02, Multnomah County, Oregon",5708,56,925,4709
41051010100,"Census Tract 101, Multnomah County, Oregon",9090,58,1588,7440
41051010200,"Census Tract 102, Multnomah County, Oregon",6213,24,1040,5173
41051010303,"Census Tract 103.03, Multnomah County, Oregon",5521,15,793,4645
41051010304,"Census Tract 103.04, Multnomah County, Oregon",4456,103,1410,3046
41051010305,"Census Tract 103.05, Multnomah County, Oregon",4316,22,624,3660
41051010306,"Census Tract 103.06, Multnomah County, Oregon",4998,0,1016,3851
41051010402,"Census Tract 104.02, Multnomah County, Oregon",6566,62,271,6257
41051010405,"Census Tract 104.05, Multnomah County, Oregon",6017,12,748,5195
41051010407,"Census Tract 104.07, Multnomah County, Oregon",5744,189,1045,4549
41051010408,"Census Tract 104.08, Multnomah County, Oregon",6098,73,918,5110
41051010409,"Census Tract 104.09, Multnomah County, Oregon",8511,0,645,7734
41051010410,"Census Tract 104.10, Multnomah County, Oregon",4764,63,1284,3452
41051010411,"Census Tract 104.11, Multnomah County, Oregon",3098,77,629,2459
41051010500,"Census Tract 105, Multnomah County, Oregon",3886,178,333,3534
41051010600,"Census Tract 106, Multnomah County, Oregon",2932,621,1125,1337
41051980000,"Census Tract 9800, Multnomah County, Oregon",0,0,0,0
41053005100,"Census Tract 51, Polk County, Oregon",2420,24,833,1587
41053005201,"Census Tract 52.01, Polk County, Oregon",8805,8,483,8294
41053005202,"Census Tract 52.02, Polk County, Oregon",10313,45,721,9489
41053005300,"Census Tract 53, Polk County, Oregon",9371,38,989,8285
41053020202,"Census Tract 202.02, Polk County, Oregon",6053,65,1353,4668
41053020203,"Census Tract 202.03, Polk County, Oregon",3065,137,825,2079
41053020204,"Census Tract 202.04, Polk County, Oregon",5092,44,506,4577
41053020302,"Census Tract 203.02, Polk County, Oregon",9539,74,1774,7727
41053020303,"Census Tract 203.03, Polk County, Oregon",4656,1096,1375,2211
41053020304,"Census Tract 203.04, Polk County, Oregon",6835,116,1945,4812
41053020400,"Census Tract 204, Polk County, Oregon",6060,12,934,5084
41053020500,"Census Tract 205, Polk County, Oregon",6261,160,178,6040
41055950100,"Census Tract 9501, Sherman County, Oregon",1705,12,301,1401
41057960100,"Census Tract 9601, Tillamook County, Oregon",3228,55,277,2900
41057960200,"Census Tract 9602, Tillamook County, Oregon",2335,12,438,1871
41057960300,"Census Tract 9603, Tillamook County, Oregon",2788,15,203,2585
41057960400,"Census Tract 9604, Tillamook County, Oregon",7838,632,1178,6072
41057960500,"Census Tract 9605, Tillamook County, Oregon",2206,0,719,1483
41057960600,"Census Tract 9606, Tillamook County, Oregon",2376,5,293,2083
41057960700,"Census Tract 9607, Tillamook County, Oregon",2524,5,276,2243
41057960800,"Census Tract 9608, Tillamook County, Oregon",2257,0,437,1820
41057990100,"Census Tract 9901, Tillamook County, Oregon",0,0,0,0
41059940000,"Census Tract 9400, Umatilla County, Oregon",2782,42,570,2200
41059950100,"Census Tract 9501, Umatilla County, Oregon",3945,35,304,3589
41059950200,"Census Tract 9502, Umatilla County, Oregon",7747,75,2252,5460
41059950300,"Census Tract 9503, Umatilla County, Oregon",2865,10,467,2378
41059950400,"Census Tract 9504, Umatilla County, Oregon",6239,1737,595,3936
41059950500,"Census Tract 9505, Umatilla County, Oregon",4558,120,622,3851
41059950600,"Census Tract 9506, Umatilla County, Oregon",6164,122,1043,5064
41059950700,"Census Tract 9507, Umatilla County, Oregon",2326,21,289,2020
41059950800,"Census Tract 9508, Umatilla County, Oregon",8176,2430,1103,4676
41059950900,"Census Tract 9509, Umatilla County, Oregon",4010,5,493,3457
41059951000,"Census Tract 9510, Umatilla County, Oregon",6155,62,1606,4494
41059951100,"Census Tract 9511, Umatilla County, Oregon",5910,150,617,5116
41059951200,"Census Tract 9512, Umatilla County, Oregon",9471,15,1984,7463
41059951300,"Census Tract 9513, Umatilla County, Oregon",4082,0,683,3380
41059951400,"Census Tract 9514, Umatilla County, Oregon",2152,45,290,1823
41061970100,"Census Tract 9701, Union County, Oregon",2928,0,388,2518
41061970200,"Census Tract 9702, Union County, Oregon",3360,34,725,2612
41061970300,"Census Tract 9703, Union County, Oregon",2497,80,221,2271
41061970400,"Census Tract 9704, Union County, Oregon",2836,39,435,2376
41061970500,"Census Tract 9705, Union County, Oregon",3414,53,510,2844
41061970600,"Census Tract 9706, Union County, Oregon",3921,165,572,3171
41061970700,"Census Tract 9707, Union County, Oregon",3100,406,904,1785
41061970800,"Census Tract 9708, Union County, Oregon",3702,35,900,2780
41063960100,"Census Tract 9601, Wallowa County, Oregon",1806,36,315,1460
41063960200,"Census Tract 9602, Wallowa County, Oregon",1867,34,345,1491
41063960300,"Census Tract 9603, Wallowa County, Oregon",3163,62,320,2802
41065970100,"Census Tract 9701, Wasco County, Oregon",4208,286,494,3556
41065970200,"Census Tract 9702, Wasco County, Oregon",2870,0,381,2484
41065970300,"Census Tract 9703, Wasco County, Oregon",3031,78,288,2724
41065970400,"Census Tract 9704, Wasco County, Oregon",3243,264,424,2566
41065970500,"Census Tract 9705, Wasco County, Oregon",3418,0,678,2740
41065970600,"Census Tract 9706, Wasco County, Oregon",2640,93,425,2215
41065970700,"Census Tract 9707, Wasco County, Oregon",1683,265,246,1437
41065970800,"Census Tract 9708, Wasco County, Oregon",4564,201,715,3800
41067030101,"Census Tract 301.01, Washington County, Oregon",7977,61,511,7422
41067030102,"Census Tract 301.02, Washington County, Oregon",6392,0,405,5987
41067030200,"Census Tract 302, Washington County, Oregon",6689,122,348,6269
41067030300,"Census Tract 303, Washington County, Oregon",4607,39,214,4393
41067030401,"Census Tract 304.01, Washington County, Oregon",4669,20,579,4090
41067030402,"Census Tract 304.02, Washington County, Oregon",4809,144,343,4327
41067030501,"Census Tract 305.01, Washington County, Oregon",4991,286,700,4178
41067030502,"Census Tract 305.02, Washington County, Oregon",4067,54,417,3630
41067030600,"Census Tract 306, Washington County, Oregon",5623,16,336,5223
41067030700,"Census Tract 307, Washington County, Oregon",1420,8,319,1101
41067030801,"Census Tract 308.01, Washington County, Oregon",6626,97,744,5802
41067030803,"Census Tract 308.03, Washington County, Oregon",4932,29,652,4275
41067030805,"Census Tract 308.05, Washington County, Oregon",3582,0,182,3400
41067030806,"Census Tract 308.06, Washington County, Oregon",2772,0,496,2276
41067030900,"Census Tract 309, Washington County, Oregon",5218,120,1463,3712
41067031003,"Census Tract 310.03, Washington County, Oregon",7713,39,1171,6517
41067031004,"Census Tract 310.04, Washington County, Oregon",7202,45,317,6866
41067031005,"Census Tract 310.05, Washington County, Oregon",5348,113,1224,3991
41067031006,"Census Tract 310.06, Washington County, Oregon",6579,0,1314,5223
41067031100,"Census Tract 311, Washington County, Oregon",2601,22,346,2246
41067031200,"Census Tract 312, Washington County, Oregon",8093,122,1632,6343
41067031300,"Census Tract 313, Washington County, Oregon",7532,58,1496,6014
41067031402,"Census Tract 314.02, Washington County, Oregon",3083,4,680,2386
41067031403,"Census Tract 314.03, Washington County, Oregon",4965,9,699,4266
41067031404,"Census Tract 314.04, Washington County, Oregon",4949,23,645,4295
41067031504,"Census Tract 315.04, Washington County, Oregon",6314,7,352,5962
41067031506,"Census Tract 315.06, Washington County, Oregon",3876,11,412,3464
41067031507,"Census Tract 315.07, Washington County, Oregon",5732,10,384,5348
41067031508,"Census Tract 315.08, Washington County, Oregon",7913,14,630,7283
41067031509,"Census Tract 315.09, Washington County, Oregon",4008,0,193,3815
41067031511,"Census Tract 315.11, Washington County, Oregon",3102,9,149,2935
41067031512,"Census Tract 315.12, Washington County, Oregon",7802,8,191,7611
41067031513,"Census Tract 315.13, Washington County, Oregon",12542,5,235,12307
41067031514,"Census Tract 315.14, Washington County, Oregon",6685,0,248,6437
41067031606,"Census Tract 316.06, Washington County, Oregon",7066,103,1221,5804
41067031609,"Census Tract 316.09, Washington County, Oregon",10525,8,1667,8851
41067031610,"Census Tract 316.10, Washington County, Oregon",8308,88,1391,6875
41067031611,"Census Tract 316.11, Washington County, Oregon",7673,19,403,7270
41067031612,"Census Tract 316.12, Washington County, Oregon",3944,24,642,3274
41067031613,"Census Tract 316.13, Washington County, Oregon",7235,93,1367,5796
41067031614,"Census Tract 316.14, Washington County, Oregon",5509,31,254,5255
41067031615,"Census Tract 316.15, Washington County, Oregon",5430,67,1215,4177
41067031616,"Census Tract 316.16, Washington County, Oregon",3426,0,237,3144
41067031617,"Census Tract 316.17, Washington County, Oregon",4829,0,215,4602
41067031703,"Census Tract 317.03, Washington County, Oregon",5255,48,798,4404
41067031704,"Census Tract 317.04, Washington County, Oregon",9071,88,762,8271
41067031705,"Census Tract 317.05, Washington County, Oregon",5425,40,1147,4265
41067031706,"Census Tract 317.06, Washington County, Oregon",5697,5,1405,4292
41067031804,"Census Tract 318.04, Washington County, Oregon",6128,6,640,5488
41067031805,"Census Tract 318.05, Washington County, Oregon",7392,40,319,7060
41067031806,"Census Tract 318.06, Washington County, Oregon",5843,63,544,5283
41067031807,"Census Tract 318.07, Washington County, Oregon",3621,55,307,3276
41067031812,"Census Tract 318.12, Washington County, Oregon",5678,0,593,5085
41067031813,"Census Tract 318.13, Washington County, Oregon",5808,0,509,5299
41067031814,"Census Tract 318.14, Washington County, Oregon",3943,58,164,3758
41067031815,"Census Tract 318.15, Washington County, Oregon",7025,6,376,6649
41067031904,"Census Tract 319.04, Washington County, Oregon",3116,40,294,2822
41067031907,"Census Tract 319.07, Washington County, Oregon",6386,82,658,5546
41067031908,"Census Tract 319.08, Washington County, Oregon",7494,18,410,7084
41067031909,"Census Tract 319.09, Washington County, Oregon",5134,0,108,4994
41067031910,"Census Tract 319.10, Washington County, Oregon",8973,45,525,8441
41067031911,"Census Tract 319.11, Washington County, Oregon",5278,15,684,4594
41067031912,"Census Tract 319.12, Washington County, Oregon",4631,25,544,4013
41067032001,"Census Tract 320.01, Washington County, Oregon",4943,71,486,4410
41067032003,"Census Tract 320.03, Washington County, Oregon",3901,0,471,3420
41067032004,"Census Tract 320.04, Washington County, Oregon",2169,13,195,1971
41067032005,"Census Tract 320.05, Washington County, Oregon",4425,0,1587,2832
41067032103,"Census Tract 321.03, Washington County, Oregon",10903,0,642,10192
41067032104,"Census Tract 321.04, Washington County, Oregon",4796,7,123,4639
41067032107,"Census Tract 321.07, Washington County, Oregon",2248,13,61,2187
41067032108,"Census Tract 321.08, Washington County, Oregon",4234,15,282,3941
41067032109,"Census Tract 321.09, Washington County, Oregon",3177,0,93,3072
41067032110,"Census Tract 321.10, Washington County, Oregon",3711,1392,194,2109
41067032200,"Census Tract 322, Washington County, Oregon",7644,19,297,7314
41067032300,"Census Tract 323, Washington County, Oregon",5787,17,841,4938
41067032404,"Census Tract 324.04, Washington County, Oregon",6718,54,498,6193
41067032406,"Census Tract 324.06, Washington County, Oregon",8578,64,872,7648
41067032407,"Census Tract 324.07, Washington County, Oregon",5832,16,227,5594
41067032408,"Census Tract 324.08, Washington County, Oregon",7326,18,596,6729
41067032409,"Census Tract 324.09, Washington County, Oregon",5566,43,2624,2942
41067032410,"Census Tract 324.10, Washington County, Oregon",4499,27,414,4058
41067032501,"Census Tract 325.01, Washington County, Oregon",3648,835,873,2079
41067032502,"Census Tract 325.02, Washington County, Oregon",2881,5,267,2589
41067032503,"Census Tract 325.03, Washington County, Oregon",3923,12,598,3313
41067032603,"Census Tract 326.03, Washington County, Oregon",7138,17,915,6223
41067032604,"Census Tract 326.04, Washington County, Oregon",6393,70,1146,5247
41067032606,"Census Tract 326.06, Washington County, Oregon",7034,110,778,6179
41067032607,"Census Tract 326.07, Washington County, Oregon",4041,26,224,3817
41067032608,"Census Tract 326.08, Washington County, Oregon",2435,0,151,2280
41067032609,"Census Tract 326.09, Washington County, Oregon",2435,0,26,2389
41067032610,"Census Tract 326.10, Washington County, Oregon",3403,58,454,2924
41067032700,"Census Tract 327, Washington County, Oregon",4807,33,334,4456
41067032800,"Census Tract 328, Washington County, Oregon",1208,4,181,1022
41067032901,"Census Tract 329.01, Washington County, Oregon",6138,51,831,5240
41067032902,"Census Tract 329.02, Washington County, Oregon",7700,126,454,7212
41067033000,"Census Tract 330, Washington County, Oregon",5473,112,476,4974
41067033101,"Census Tract 331.01, Washington County, Oregon",3079,41,488,2532
41067033102,"Census Tract 331.02, Washington County, Oregon",3255,130,361,2719
41067033200,"Census Tract 332, Washington County, Oregon",7026,1034,1637,4506
41067033301,"Census Tract 333.01, Washington County, Oregon",5702,20,803,4899
41067033302,"Census Tract 333.02, Washington County, Oregon",5266,8,307,4924
41067033400,"Census Tract 334, Washington County, Oregon",2285,23,142,2143
41067033500,"Census Tract 335, Washington County, Oregon",3968,0,212,3738
41067033600,"Census Tract 336, Washington County, Oregon",2137,0,230,1902
41069960100,"Census Tract 9601, Wheeler County, Oregon",1369,21,272,1073
41071030101,"Census Tract 301.01, Yamhill County, Oregon",6025,106,341,5684
41071030102,"Census Tract 301.02, Yamhill County, Oregon",7071,9,553,6518
41071030201,"Census Tract 302.01, Yamhill County, Oregon",6758,1470,1286,4043
41071030202,"Census Tract 302.02, Yamhill County, Oregon",6436,72,2163,4231
41071030301,"Census Tract 303.01, Yamhill County, Oregon",10044,56,1265,8736
41071030302,"Census Tract 303.02, Yamhill County, Oregon",2047,0,138,1909
41071030400,"Census Tract 304, Yamhill County, Oregon",8038,39,348,7597
41071030501,"Census Tract 305.01, Yamhill County, Oregon",6308,1749,507,4063
41071030502,"Census Tract 305.02, Yamhill County, Oregon",4782,86,716,3970
41071030601,"Census Tract 306.01, Yamhill County, Oregon",3548,29,539,2968
41071030602,"Census Tract 306.02, Yamhill County, Oregon",6445,112,866,5476
41071030701,"Census Tract 307.01, Yamhill County, Oregon",7725,47,1505,6196
41071030702,"Census Tract 307.02, Yamhill County, Oregon",7782,92,1618,6086
41071030801,"Census Tract 308.01, Yamhill County, Oregon",5090,222,1011,3864
41071030802,"Census Tract 308.02, Yamhill County, Oregon",5221,1169,1179,2884
41071030900,"Census Tract 309, Yamhill County, Oregon",4796,32,521,4275
41071031000,"Census Tract 310, Yamhill County, Oregon",4101,41,699,3353
